{"name": "\u67e5\u770bLinux\u4ea4\u6362\u5206\u533a\u8fdb\u7a0b\u5360\u7528", "describe": "\u67e5\u770bLinux\u4ea4\u6362\u5206\u533a\u8fdb\u7a0b\u5360\u7528", "job": [{"step_name": "\u67e5\u770bLinux\u4ea4\u6362\u5206\u533a\u8fdb\u7a0b\u5360\u7528", "step_index": 1, "implement_type": "1", "parameter": "", "server_revise": true, "script_from": "1", "time_out": 1000, "script_info": "#!/bin/bash\nSUM=0  \nOVERALL=0  \nfor DIR in `find /proc/ -maxdepth 1 -type d | egrep \"^/proc/[0-9]\"`; do  \n    PID=`echo $DIR | cut -d / -f 3`  \n    PROG_NAME=`ps -p $PID -o comm --no-headers`  \n    for SWAP in `grep Swap $DIR/smaps 2>/dev/null| awk '{ print $2 }'`; do  \n        let SUM=$SUM+$SWAP  \n    done  \n    echo \"PID=$PID - Swap used: $SUM - ($PROG_NAME )\"  \n    let OVERALL=$OVERALL+$SUM  \n    SUM=0  \ndone  \necho \"Overall swap used: $OVERALL\"\n", "script_type": "sh"}]}