{"name": "\u67e5\u770b\u8fde\u63a5\u672c\u673a\u7684IP\u5730\u5740\u7edf\u8ba1", "describe": "\u67e5\u770b\u8fde\u63a5\u672c\u673a\u7684IP\u5730\u5740\u7edf\u8ba1", "job": [{"step_name": "\u67e5\u770b\u8fde\u63a5\u672c\u673a\u7684IP\u5730\u5740\u7edf\u8ba1", "step_index": 1, "implement_type": "1", "parameter": "", "server_revise": false, "script_from": "1", "time_out": 1000, "script_info": "#!/bin/bash\n# Description:  Get Linux \u672c\u673a\u88ab\u8fde\u63a5\u7684IP Top 5\n\n# Get Data/Time\nCTIME=$(date \"+%Y-%m-%d %H-%M-%S\")\necho -e \"\\033[33m---------------- $CTIME connect Top 10 ----------------\\033[0m\"\nnetstat -ant|awk 'NR > 2  {print $5}'|awk -F \":\" '{print $1}'|grep -v \"^$\"|sort -nr|uniq -c|sort -nr\n", "script_type": "sh"}]}