{"name": "\u67e5\u770bLinux\u7cfb\u7edfCPU\u548c\u5185\u5b58\u4f7f\u7528Top 5\u8fdb\u7a0b", "describe": "\u67e5\u770bLinux\u7cfb\u7edfCPU\u548c\u5185\u5b58\u4f7f\u7528Top 5\u8fdb\u7a0b", "job": [{"step_name": "\u67e5\u770bLinux\u7cfb\u7edfCPU\u548c\u5185\u5b58\u4f7f\u7528Top 5\u8fdb\u7a0b", "step_index": 1, "implement_type": "1", "parameter": "", "server_revise": true, "script_from": "1", "time_out": 1000, "script_info": "#!/bin/bash\n# Description:  Get Linux CPU Mem Usage Top 5\n\n# Get Data/Time\nCTIME=$(date \"+%Y-%m-%d %H-%M-%S\")\n\n# CPU\necho -e \"\\033[33m---------------- $CTIME CPU Usage Top 5 ----------------\\033[0m\"\nps -aux | sort -k3nr | head -5\n\n# Mem\necho -e \"\\033[33m---------------- $CTIME Mem Usage Top 5 ----------------\\033[0m\"\nps -aux | sort -k4nr | head -5\n", "script_type": "sh"}]}