{"name": "\u67e5\u770bLinux\u7cfb\u7edf\u6240\u6709\u5f00\u673a\u542f\u52a8\u670d\u52a1", "describe": "\u67e5\u770bLinux\u7cfb\u7edf\u6240\u6709\u5f00\u673a\u542f\u52a8\u670d\u52a1", "visible": "2", "job": [{"step_name": "\u67e5\u770bLinux\u7cfb\u7edf\u6240\u6709\u5f00\u673a\u542f\u52a8\u670d\u52a1", "step_index": 1, "implement_type": "1", "parameter": "", "server_revise": true, "script_from": "1", "time_out": 1000, "script_info": "#!/bin/bash\n# Description:  Linux \u5f00\u673a\u542f\u52a8\u7684\u670d\u52a1\n\necho -e \"------ \u5f00\u673a\u542f\u52a8\u7684\u670d\u52a1 ------\"\necho -e \"\\n`systemctl list-units --all --type=service --state=running|grep -e .service`\"\n", "script_type": "sh", "exception_handle": 1}]}