{"name": "\u67e5\u770bLinux\u7cfb\u7edf\u6240\u6709\u7528\u6237\u8ba1\u5212\u4efb\u52a1", "describe": "\u67e5\u770bLinux\u7cfb\u7edf\u6240\u6709\u7528\u6237\u8ba1\u5212\u4efb\u52a1", "job": [{"step_name": "\u67e5\u770bLinux\u7cfb\u7edf\u6240\u6709\u7528\u6237\u8ba1\u5212\u4efb\u52a1", "step_index": 1, "implement_type": "1", "parameter": "", "server_revise": true, "script_from": "1", "time_out": 1000, "script_info": "#!/bin/bash\n# Description:  Get Linux \u6240\u6709\u7528\u6237\u7684crontab\u8ba1\u5212\u4efb\u52a1\n\necho -e \"\\033[33m---------------- \u7528\u6237\u53cacrontab\u8ba1\u5212\u4efb\u52a1 ----------------\\033[0m\"\nUSER=`cat /etc/passwd |grep -Ev \"nologin\"|cut -d\":\" -f1|awk -F: '{print $1}'`\necho -e  \"\\n`for n in ${USER};do crontab -l -u$n;done`\"", "script_type": "sh"}]}