{"name": "\u67e5\u770bLinux\u7cfb\u7edfUID\u4e3a0\u7684\u7528\u6237", "describe": "\u67e5\u770bLinux\u7cfb\u7edfUID\u4e3a0\u7684\u7528\u6237", "visible": "2", "job": [{"step_name": "\u67e5\u770bLinux\u7cfb\u7edfUID\u4e3a0\u7684\u7528\u6237", "step_index": 1, "implement_type": "1", "parameter": "", "server_revise": true, "script_from": "1", "time_out": 1000, "script_info": "#!/bin/bash\n# Description:  Linux UID\u4e3a0\u7684\u7528\u6237\n\necho -e \"------ \u5f53\u524dUID\u4e3a0\u7684\u7528\u6237 ------\"\nUSER=`cat /etc/passwd|awk -F \":\" '$3==0 {print $0}'|awk  -F \":\" '{print $1}'`\necho \u5f53\u524dUID\u4e3a0\u7684\u7528\u6237\u662f\uff1a\"username: \" ${USER}\n", "script_type": "sh", "exception_handle": 1}]}